6766,aggressive
7155,aggressive
7193,aggressive
7153,aggressive
7389,aggressive
6961,aggressive
6957,aggressive
7172,aggressive
6834,aggressive
6852,aggressive
6994,aggressive
7190,aggressive
6817,aggressive
6922,aggressive
7141,aggressive
7883,aggressive
7220,aggressive
7208,aggressive
7795,aggressive
7383,aggressive
7878,aggressive
6832,aggressive
7378,aggressive
7694,aggressive
7204,aggressive
7206,aggressive
7876,aggressive
6938,aggressive
6956,aggressive
7862,aggressive
7493,aggressive
7794,aggressive
6835,aggressive
7026,aggressive
7350,aggressive
7397,aggressive
6846,aggressive
7121,aggressive
7888,aggressive
6826,aggressive
7893,aggressive
7382,aggressive
7512,aggressive
7877,aggressive
7349,aggressive
7195,aggressive
6974,aggressive
6983,aggressive
7662,aggressive
7006,aggressive
7702,aggressive
6921,aggressive
7136,aggressive
6839,aggressive
6964,aggressive
7790,aggressive
6988,aggressive
7334,aggressive
6991,aggressive
6883,aggressive
7216,aggressive
7791,aggressive
7001,aggressive
6863,aggressive
7390,aggressive
7346,aggressive
7000,aggressive
7895,aggressive
6972,aggressive
7154,aggressive
6812,aggressive
6809,aggressive
6764,aggressive
7705,aggressive
7882,aggressive
6935,aggressive
6831,aggressive
7194,aggressive
6860,aggressive
7785,aggressive
7185,aggressive
7475,aggressive
7341,aggressive
6944,aggressive
6970,aggressive
7003,aggressive
6967,aggressive
7160,aggressive
6857,aggressive
6981,aggressive
7672,aggressive
7479,aggressive
7215,aggressive
6914,aggressive
6870,aggressive
7337,aggressive
7860,aggressive
7338,aggressive
6987,aggressive
6770,aggressive
7379,aggressive
6845,aggressive
6915,aggressive
7709,aggressive
6871,aggressive
7175,aggressive
6819,aggressive
7135,aggressive
6990,aggressive
7796,aggressive
6799,aggressive
6829,aggressive
7881,aggressive
7661,aggressive
6875,aggressive
7699,aggressive
7213,aggressive
7482,aggressive
6920,aggressive
7798,aggressive
7484,aggressive
6868,aggressive
6973,aggressive
6932,aggressive
6989,aggressive
6763,aggressive
7393,aggressive
7211,aggressive
7489,aggressive
7348,aggressive
7712,aggressive
6926,aggressive
6833,aggressive
6941,aggressive
7142,aggressive
7874,aggressive
7342,aggressive
6847,aggressive
6827,aggressive
6767,aggressive
6853,aggressive
6993,aggressive
6806,aggressive
7166,aggressive
6885,aggressive
7343,aggressive
7516,aggressive
6911,aggressive
6925,aggressive
6820,aggressive
6979,aggressive
7182,aggressive
7670,aggressive
7703,aggressive
7218,aggressive
7900,aggressive
7169,aggressive
6769,aggressive
6879,aggressive
6762,aggressive
7130,aggressive
6947,aggressive
7480,aggressive
7784,aggressive
7132,aggressive
7152,aggressive
7179,aggressive
6828,aggressive
7373,aggressive
7381,aggressive
7180,aggressive
7187,aggressive
7217,aggressive
7004,aggressive
6969,aggressive
7377,aggressive
7865,aggressive
7797,aggressive
7209,aggressive
6869,aggressive
6804,aggressive
7198,aggressive
7394,aggressive
6978,aggressive
6882,aggressive
6959,aggressive
7181,aggressive
6934,aggressive
6811,aggressive
7488,aggressive
6862,aggressive
6913,aggressive
7657,aggressive
6930,aggressive
7861,aggressive
7509,aggressive
6866,aggressive
6850,aggressive
7224,aggressive
7778,aggressive
7898,aggressive
7340,aggressive
6917,aggressive
6777,aggressive
7894,aggressive
7134,aggressive
7202,aggressive
7101,aggressive
6933,aggressive
6822,aggressive
6872,aggressive
7781,aggressive
6773,aggressive
7787,aggressive
7664,aggressive
6775,aggressive
7515,aggressive
7713,aggressive
7203,aggressive
6771,aggressive
7799,aggressive
7027,aggressive
6865,aggressive
7339,aggressive
7158,aggressive
7345,aggressive
6844,aggressive
6918,aggressive
7673,aggressive
7122,aggressive
7143,aggressive
6931,aggressive
7173,aggressive
7867,aggressive
6876,aggressive
7889,aggressive
7398,aggressive
6916,aggressive
7157,aggressive
7336,aggressive
6778,aggressive
7176,aggressive
7005,aggressive
7700,aggressive
6939,aggressive
7162,aggressive
7146,aggressive
7880,aggressive
6873,aggressive
7380,aggressive
7704,aggressive
7214,aggressive
7779,aggressive
7221,aggressive
7478,aggressive
7686,aggressive
7707,aggressive
7333,aggressive
7184,aggressive
7105,aggressive
7485,aggressive
7140,aggressive
7351,aggressive
7483,aggressive
6936,aggressive
7872,aggressive
6768,aggressive
7100,aggressive
7103,aggressive
7392,aggressive
6919,aggressive
7710,aggressive
6976,aggressive
7391,aggressive
6953,aggressive
6849,aggressive
7131,aggressive
7344,aggressive
6975,aggressive
6999,aggressive
6924,aggressive
7711,aggressive
7178,aggressive
6772,aggressive
6821,aggressive
6986,aggressive
7127,aggressive
6909,aggressive
7481,aggressive
7696,aggressive
6910,aggressive
7514,aggressive
7658,aggressive
7171,aggressive
6996,aggressive
6855,aggressive
6816,aggressive
6774,aggressive
7375,aggressive
6851,aggressive
6945,aggressive
7138,aggressive
7024,aggressive
6995,aggressive
7174,aggressive
7126,aggressive
7780,aggressive
6960,aggressive
7200,aggressive
7207,aggressive
6818,aggressive
7668,aggressive
6982,aggressive
6802,aggressive
7331,aggressive
7890,aggressive
7487,aggressive
7210,aggressive
7161,aggressive
6980,aggressive
7219,aggressive
6946,aggressive
6912,aggressive
6942,aggressive
7168,aggressive
7792,aggressive
7887,aggressive
7477,aggressive
7660,aggressive
6874,aggressive
7886,aggressive
6856,aggressive
7399,aggressive
6837,aggressive
6838,aggressive
7196,aggressive
7681,aggressive
7388,aggressive
7884,aggressive
7192,aggressive
7023,aggressive
7682,aggressive
7866,aggressive
7102,aggressive
6840,aggressive
6884,aggressive
6815,aggressive
7659,aggressive
7892,aggressive
7510,aggressive
7793,aggressive
7125,aggressive
7159,aggressive
6761,aggressive
6801,aggressive
7165,aggressive
6997,aggressive
7665,aggressive
7144,aggressive
7870,aggressive
7684,aggressive
7875,aggressive
6825,aggressive
7197,aggressive
7188,aggressive
6810,aggressive
6808,aggressive
7885,aggressive
6952,aggressive
7683,aggressive
7226,aggressive
7868,aggressive
7223,aggressive
7222,aggressive
6843,aggressive
7782,aggressive
7177,aggressive
6880,aggressive
7669,aggressive
7864,aggressive
7385,aggressive
6824,aggressive
7708,aggressive
6943,aggressive
7225,aggressive
7788,aggressive
7871,aggressive
6861,aggressive
7873,aggressive
6765,aggressive
6958,aggressive
7507,aggressive
6881,aggressive
6814,aggressive
6776,aggressive
7685,aggressive
7706,aggressive
7492,aggressive
7151,aggressive
7191,aggressive
7891,aggressive
7698,aggressive
7879,aggressive
7376,aggressive
7667,aggressive
6937,aggressive
6803,aggressive
6867,aggressive
7149,aggressive
7145,aggressive
6807,aggressive
6940,aggressive
6927,aggressive
6842,aggressive
7104,aggressive
7205,aggressive
7869,aggressive
7663,aggressive
7396,aggressive
7186,aggressive
7137,aggressive
7189,aggressive
6966,aggressive
7789,aggressive
7786,aggressive
7508,aggressive
7147,aggressive
6929,aggressive
6830,aggressive
7476,aggressive
7156,aggressive
7183,aggressive
7863,aggressive
7002,aggressive
7666,aggressive
7513,aggressive
7163,aggressive
6963,aggressive
6992,aggressive
7899,aggressive
7148,aggressive
7212,aggressive
6965,aggressive
7199,aggressive
7387,aggressive
7332,aggressive
6954,aggressive
7133,aggressive
7129,aggressive
6836,aggressive
7128,aggressive
7170,aggressive
6971,aggressive
7897,aggressive
6864,aggressive
7025,aggressive
6800,aggressive
7167,aggressive
6928,aggressive
6848,aggressive
7697,aggressive
6955,aggressive
6858,aggressive
7384,aggressive
7687,aggressive
7139,aggressive
6923,aggressive
6985,aggressive
6823,aggressive
7896,aggressive
6878,aggressive
7671,aggressive
6813,aggressive
7123,aggressive
7511,aggressive
7701,aggressive
6984,aggressive
6859,aggressive
7783,aggressive
6841,aggressive
7124,aggressive
7491,aggressive
7395,aggressive
7386,aggressive
6962,aggressive
7164,aggressive
7201,aggressive
6998,aggressive
6968,aggressive
7486,aggressive
7335,aggressive
7490,aggressive
7695,aggressive
7150,aggressive
6805,aggressive
7374,aggressive
6877,aggressive
6977,aggressive
7347,aggressive
6854,aggressive
14397,dramatic
15073,dramatic
9329,dramatic
9410,dramatic
14565,dramatic
9162,dramatic
9139,dramatic
18656,dramatic
14436,dramatic
9128,dramatic
9415,dramatic
14786,dramatic
14392,dramatic
14984,dramatic
14906,dramatic
9130,dramatic
14904,dramatic
14527,dramatic
14777,dramatic
9163,dramatic
18829,dramatic
14902,dramatic
9165,dramatic
18653,dramatic
9417,dramatic
14488,dramatic
14884,dramatic
9323,dramatic
14487,dramatic
14787,dramatic
14918,dramatic
14980,dramatic
14779,dramatic
15066,dramatic
18776,dramatic
18833,dramatic
9326,dramatic
18827,dramatic
18777,dramatic
9305,dramatic
18663,dramatic
14883,dramatic
14691,dramatic
18848,dramatic
14661,dramatic
14403,dramatic
9327,dramatic
19430,dramatic
9132,dramatic
14917,dramatic
18723,dramatic
14524,dramatic
14588,dramatic
18784,dramatic
14579,dramatic
14999,dramatic
14525,dramatic
9124,dramatic
15083,dramatic
9421,dramatic
14905,dramatic
14393,dramatic
14529,dramatic
14570,dramatic
14994,dramatic
18855,dramatic
14776,dramatic
19433,dramatic
15115,dramatic
14526,dramatic
18651,dramatic
14446,dramatic
15067,dramatic
9419,dramatic
9160,dramatic
14988,dramatic
14592,dramatic
9123,dramatic
9418,dramatic
9122,dramatic
19429,dramatic
14821,dramatic
14434,dramatic
18659,dramatic
14782,dramatic
9322,dramatic
9321,dramatic
14441,dramatic
9412,dramatic
14764,dramatic
14919,dramatic
14443,dramatic
18719,dramatic
14895,dramatic
14892,dramatic
14986,dramatic
14575,dramatic
14983,dramatic
14921,dramatic
14785,dramatic
9141,dramatic
9315,dramatic
15078,dramatic
15116,dramatic
14576,dramatic
14389,dramatic
14585,dramatic
14995,dramatic
9125,dramatic
9317,dramatic
18770,dramatic
14567,dramatic
9308,dramatic
14384,dramatic
14638,dramatic
14768,dramatic
9170,dramatic
9304,dramatic
9316,dramatic
14922,dramatic
9153,dramatic
18779,dramatic
14584,dramatic
14908,dramatic
14680,dramatic
9177,dramatic
14591,dramatic
18835,dramatic
18660,dramatic
18728,dramatic
15070,dramatic
18834,dramatic
14408,dramatic
14442,dramatic
15068,dramatic
14457,dramatic
14540,dramatic
15077,dramatic
14564,dramatic
18650,dramatic
9138,dramatic
9135,dramatic
14828,dramatic
18785,dramatic
14767,dramatic
9142,dramatic
14907,dramatic
14537,dramatic
9325,dramatic
14433,dramatic
14383,dramatic
9159,dramatic
18658,dramatic
14573,dramatic
19440,dramatic
18724,dramatic
14634,dramatic
18850,dramatic
14696,dramatic
9405,dramatic
9330,dramatic
14910,dramatic
14453,dramatic
14411,dramatic
14834,dramatic
14778,dramatic
15006,dramatic
18831,dramatic
14538,dramatic
14405,dramatic
14987,dramatic
14582,dramatic
14780,dramatic
14993,dramatic
14480,dramatic
19435,dramatic
14695,dramatic
14402,dramatic
14766,dramatic
9319,dramatic
18664,dramatic
9167,dramatic
9406,dramatic
18832,dramatic
15082,dramatic
9414,dramatic
9145,dramatic
14992,dramatic
19437,dramatic
9171,dramatic
14404,dramatic
9173,dramatic
14563,dramatic
14451,dramatic
14829,dramatic
9158,dramatic
14698,dramatic
15065,dramatic
14407,dramatic
9179,dramatic
14401,dramatic
14437,dramatic
18853,dramatic
14586,dramatic
9157,dramatic
18727,dramatic
14639,dramatic
14398,dramatic
9420,dramatic
14444,dramatic
9314,dramatic
18720,dramatic
14581,dramatic
14830,dramatic
9307,dramatic
14489,dramatic
14485,dramatic
14394,dramatic
14631,dramatic
14521,dramatic
18847,dramatic
18771,dramatic
18714,dramatic
9131,dramatic
14566,dramatic
14838,dramatic
14783,dramatic
14629,dramatic
9306,dramatic
14399,dramatic
18851,dramatic
9409,dramatic
9320,dramatic
19436,dramatic
14568,dramatic
9324,dramatic
14990,dramatic
14665,dramatic
14885,dramatic
18842,dramatic
18780,dramatic
14903,dramatic
18726,dramatic
14574,dramatic
14824,dramatic
15005,dramatic
18773,dramatic
14660,dramatic
14410,dramatic
14898,dramatic
14560,dramatic
14637,dramatic
14684,dramatic
14409,dramatic
14835,dramatic
14840,dramatic
14998,dramatic
14887,dramatic
15075,dramatic
9150,dramatic
14896,dramatic
14479,dramatic
15002,dramatic
18830,dramatic
14981,dramatic
9310,dramatic
14447,dramatic
18843,dramatic
14455,dramatic
9411,dramatic
9151,dramatic
15000,dramatic
14831,dramatic
14893,dramatic
18838,dramatic
9149,dramatic
18781,dramatic
14386,dramatic
14580,dramatic
19434,dramatic
15071,dramatic
14406,dramatic
14982,dramatic
18655,dramatic
14390,dramatic
14911,dramatic
9146,dramatic
18722,dramatic
9408,dramatic
14561,dramatic
14636,dramatic
19441,dramatic
14533,dramatic
14456,dramatic
14522,dramatic
18852,dramatic
9309,dramatic
14435,dramatic
14916,dramatic
15118,dramatic
14833,dramatic
18713,dramatic
14486,dramatic
14891,dramatic
15074,dramatic
14440,dramatic
14632,dramatic
15069,dramatic
14432,dramatic
15001,dramatic
14900,dramatic
18854,dramatic
14897,dramatic
14997,dramatic
18662,dramatic
18716,dramatic
14888,dramatic
14596,dramatic
18772,dramatic
14991,dramatic
9147,dramatic
19431,dramatic
14595,dramatic
14395,dramatic
14697,dramatic
18717,dramatic
14589,dramatic
15080,dramatic
9404,dramatic
18839,dramatic
14978,dramatic
14590,dramatic
14880,dramatic
14388,dramatic
9161,dramatic
14881,dramatic
19432,dramatic
9312,dramatic
14477,dramatic
14890,dramatic
14683,dramatic
9313,dramatic
19438,dramatic
14483,dramatic
18782,dramatic
14692,dramatic
9134,dramatic
9166,dramatic
14532,dramatic
14823,dramatic
14681,dramatic
14385,dramatic
9328,dramatic
18844,dramatic
14662,dramatic
14827,dramatic
15076,dramatic
14478,dramatic
14530,dramatic
18846,dramatic
14484,dramatic
18828,dramatic
14528,dramatic
14534,dramatic
18841,dramatic
14391,dramatic
14490,dramatic
14396,dramatic
9174,dramatic
14915,dramatic
14641,dramatic
14822,dramatic
14788,dramatic
14839,dramatic
14593,dramatic
9152,dramatic
14693,dramatic
9137,dramatic
18836,dramatic
18840,dramatic
14775,dramatic
9127,dramatic
14886,dramatic
14979,dramatic
14536,dramatic
15081,dramatic
14762,dramatic
14583,dramatic
14920,dramatic
14431,dramatic
15004,dramatic
14909,dramatic
14689,dramatic
9164,dramatic
14989,dramatic
18775,dramatic
9126,dramatic
15119,dramatic
9175,dramatic
14784,dramatic
9156,dramatic
14694,dramatic
14889,dramatic
14765,dramatic
14761,dramatic
14914,dramatic
14882,dramatic
15003,dramatic
14901,dramatic
9154,dramatic
14836,dramatic
14449,dramatic
14640,dramatic
14531,dramatic
9148,dramatic
14387,dramatic
14594,dramatic
14781,dramatic
9318,dramatic
18774,dramatic
18715,dramatic
19439,dramatic
14899,dramatic
9311,dramatic
14630,dramatic
9407,dramatic
14985,dramatic
14539,dramatic
18778,dramatic
14452,dramatic
14481,dramatic
14400,dramatic
14569,dramatic
14688,dramatic
14687,dramatic
9172,dramatic
18718,dramatic
14587,dramatic
14685,dramatic
9129,dramatic
14837,dramatic
14894,dramatic
9133,dramatic
9143,dramatic
14535,dramatic
14445,dramatic
14633,dramatic
18721,dramatic
14826,dramatic
18849,dramatic
9168,dramatic
9413,dramatic
14450,dramatic
18783,dramatic
19428,dramatic
14523,dramatic
14825,dramatic
18665,dramatic
18845,dramatic
14482,dramatic
14913,dramatic
18837,dramatic
14912,dramatic
14448,dramatic
14454,dramatic
18729,dramatic
15079,dramatic
9176,dramatic
14664,dramatic
14832,dramatic
18725,dramatic
18654,dramatic
14682,dramatic
9144,dramatic
9178,dramatic
18730,dramatic
14686,dramatic
14562,dramatic
14597,dramatic
14571,dramatic
14996,dramatic
9169,dramatic
15117,dramatic
9140,dramatic
14438,dramatic
9136,dramatic
14690,dramatic
14577,dramatic
14439,dramatic
14635,dramatic
18652,dramatic
9155,dramatic
14578,dramatic
14572,dramatic
14763,dramatic
14663,dramatic
15072,dramatic
18661,dramatic
18657,dramatic
9416,dramatic
10361,sad
9952,sad
9649,sad
10417,sad
10049,sad
9506,sad
10349,sad
9701,sad
5553,sad
10414,sad
5653,sad
5849,sad
9748,sad
10408,sad
9946,sad
9244,sad
9588,sad
10251,sad
9114,sad
9647,sad
9089,sad
10060,sad
10235,sad
5559,sad
9742,sad
10116,sad
9903,sad
9951,sad
9496,sad
9965,sad
9640,sad
9901,sad
10244,sad
9093,sad
9075,sad
9206,sad
5658,sad
5652,sad
5542,sad
5563,sad
5582,sad
9092,sad
5777,sad
9209,sad
10123,sad
9745,sad
9479,sad
5852,sad
9652,sad
9978,sad
9121,sad
5554,sad
10228,sad
10355,sad
5776,sad
9922,sad
10045,sad
5567,sad
9973,sad
9980,sad
9091,sad
9984,sad
5583,sad
9589,sad
9504,sad
10213,sad
10399,sad
5570,sad
5557,sad
10362,sad
10413,sad
9113,sad
9201,sad
9898,sad
9940,sad
10239,sad
9960,sad
5580,sad
5842,sad
10407,sad
9240,sad
9481,sad
10351,sad
9924,sad
5643,sad
9202,sad
10402,sad
5556,sad
10064,sad
10119,sad
10125,sad
5772,sad
10409,sad
9935,sad
10395,sad
10210,sad
9911,sad
9968,sad
10350,sad
9635,sad
5564,sad
5651,sad
10129,sad
9573,sad
5853,sad
9733,sad
10240,sad
9572,sad
10364,sad
9491,sad
9696,sad
10249,sad
9099,sad
9480,sad
5568,sad
5543,sad
9233,sad
10051,sad
10416,sad
5562,sad
9110,sad
9970,sad
5647,sad
9090,sad
9096,sad
5571,sad
5547,sad
9921,sad
10214,sad
9899,sad
5782,sad
9948,sad
9737,sad
5578,sad
9492,sad
10352,sad
10370,sad
10050,sad
9956,sad
5848,sad
5586,sad
10420,sad
9230,sad
10040,sad
10396,sad
9937,sad
10238,sad
9902,sad
9985,sad
10360,sad
9732,sad
9203,sad
5551,sad
9208,sad
9115,sad
10128,sad
5771,sad
9508,sad
9643,sad
10223,sad
10411,sad
9986,sad
10232,sad
9071,sad
9509,sad
10126,sad
9245,sad
9503,sad
10130,sad
10219,sad
10212,sad
9578,sad
10208,sad
10245,sad
5839,sad
5577,sad
9699,sad
10241,sad
5592,sad
9700,sad
9944,sad
9584,sad
5560,sad
10247,sad
9488,sad
5846,sad
10048,sad
9074,sad
9949,sad
9484,sad
5781,sad
9969,sad
9502,sad
10120,sad
10415,sad
9118,sad
9483,sad
9698,sad
9741,sad
5775,sad
9204,sad
9744,sad
10046,sad
9896,sad
5588,sad
10356,sad
10404,sad
10419,sad
9739,sad
10229,sad
9478,sad
10405,sad
10215,sad
9734,sad
10230,sad
5778,sad
10406,sad
9583,sad
10357,sad
10047,sad
9959,sad
10354,sad
9746,sad
10234,sad
10053,sad
9897,sad
9205,sad
10233,sad
10217,sad
10222,sad
10248,sad
5541,sad
9740,sad
9579,sad
5655,sad
9919,sad
9243,sad
9967,sad
10227,sad
9237,sad
5768,sad
9976,sad
5593,sad
5844,sad
5648,sad
9574,sad
5589,sad
5545,sad
5552,sad
5566,sad
9232,sad
5785,sad
10063,sad
9210,sad
10242,sad
9238,sad
5766,sad
9493,sad
9936,sad
9095,sad
9097,sad
10220,sad
9117,sad
5649,sad
9199,sad
10041,sad
10209,sad
9642,sad
9910,sad
9644,sad
10042,sad
9120,sad
9585,sad
10226,sad
5576,sad
5550,sad
5558,sad
9916,sad
9974,sad
9912,sad
9962,sad
10236,sad
9915,sad
9954,sad
5585,sad
10124,sad
9957,sad
9505,sad
9485,sad
9905,sad
5569,sad
9636,sad
5841,sad
10358,sad
10353,sad
9749,sad
9736,sad
9750,sad
9507,sad
10393,sad
5764,sad
9501,sad
10422,sad
9094,sad
9653,sad
9914,sad
9098,sad
9650,sad
9641,sad
9236,sad
9116,sad
9953,sad
5646,sad
9958,sad
5851,sad
9119,sad
9108,sad
5546,sad
9955,sad
5786,sad
10059,sad
5845,sad
5840,sad
5784,sad
9702,sad
9918,sad
10394,sad
9109,sad
9234,sad
10044,sad
5555,sad
10225,sad
9207,sad
9634,sad
10218,sad
10398,sad
9943,sad
9906,sad
9972,sad
9489,sad
5645,sad
9499,sad
5779,sad
9971,sad
5767,sad
9487,sad
9645,sad
9900,sad
9494,sad
5572,sad
9072,sad
10054,sad
5837,sad
5780,sad
9917,sad
5843,sad
5654,sad
9966,sad
9242,sad
9576,sad
9920,sad
9111,sad
9495,sad
9646,sad
9654,sad
10058,sad
10052,sad
5573,sad
9639,sad
10410,sad
5587,sad
10372,sad
9490,sad
5847,sad
9913,sad
9581,sad
9235,sad
9246,sad
9939,sad
9637,sad
5659,sad
10397,sad
5565,sad
10121,sad
9979,sad
9945,sad
9582,sad
9200,sad
10127,sad
5838,sad
9908,sad
9941,sad
5835,sad
5644,sad
9633,sad
9987,sad
10368,sad
9500,sad
9975,sad
5765,sad
9743,sad
9938,sad
9482,sad
5763,sad
5574,sad
9231,sad
9923,sad
10401,sad
10400,sad
9909,sad
9895,sad
5591,sad
9229,sad
9907,sad
10369,sad
9735,sad
9961,sad
10207,sad
10412,sad
9982,sad
9112,sad
9638,sad
5773,sad
9241,sad
5584,sad
9738,sad
10224,sad
5575,sad
9963,sad
10211,sad
5660,sad
10367,sad
10237,sad
10043,sad
5774,sad
10418,sad
10363,sad
10055,sad
10231,sad
5762,sad
10056,sad
10246,sad
10122,sad
9577,sad
5548,sad
9697,sad
9498,sad
10216,sad
10243,sad
5581,sad
10365,sad
10371,sad
10403,sad
9950,sad
5657,sad
9651,sad
9486,sad
10118,sad
10117,sad
10373,sad
5656,sad
10061,sad
5549,sad
9580,sad
9587,sad
5590,sad
9497,sad
9977,sad
5770,sad
9947,sad
5579,sad
9904,sad
10359,sad
9983,sad
5783,sad
10421,sad
5544,sad
5769,sad
10221,sad
9575,sad
5561,sad
10062,sad
5850,sad
9747,sad
5836,sad
9070,sad
9648,sad
9590,sad
5594,sad
9964,sad
9942,sad
9586,sad
9239,sad
9981,sad
5650,sad
10366,sad
9073,sad
10250,sad
9695,sad
10057,sad
6019,romantic
6044,romantic
5620,romantic
5699,romantic
19573,romantic
5797,romantic
5262,romantic
5707,romantic
5517,romantic
19552,romantic
5510,romantic
5504,romantic
5215,romantic
6037,romantic
5509,romantic
5355,romantic
5518,romantic
6035,romantic
5499,romantic
5490,romantic
5897,romantic
6034,romantic
6024,romantic
5354,romantic
5895,romantic
19316,romantic
5525,romantic
5388,romantic
6029,romantic
5371,romantic
5687,romantic
5792,romantic
19574,romantic
5902,romantic
19465,romantic
5856,romantic
6009,romantic
5688,romantic
5825,romantic
5346,romantic
5418,romantic
5339,romantic
19349,romantic
19450,romantic
5342,romantic
5383,romantic
19329,romantic
6048,romantic
5432,romantic
5857,romantic
5213,romantic
19342,romantic
5207,romantic
6053,romantic
5387,romantic
5613,romantic
5539,romantic
19569,romantic
5855,romantic
5494,romantic
5904,romantic
19328,romantic
5834,romantic
6081,romantic
5336,romantic
6061,romantic
5626,romantic
5348,romantic
5214,romantic
5822,romantic
5940,romantic
6070,romantic
19341,romantic
5918,romantic
6086,romantic
5201,romantic
5833,romantic
19331,romantic
19454,romantic
6025,romantic
5623,romantic
5337,romantic
6049,romantic
5827,romantic
5860,romantic
6080,romantic
5420,romantic
5363,romantic
5208,romantic
5621,romantic
5832,romantic
5485,romantic
5795,romantic
6084,romantic
6063,romantic
5368,romantic
5270,romantic
6016,romantic
6008,romantic
5943,romantic
5905,romantic
5487,romantic
5871,romantic
5858,romantic
5794,romantic
5936,romantic
19321,romantic
6043,romantic
19339,romantic
5865,romantic
19571,romantic
19318,romantic
19326,romantic
5618,romantic
5361,romantic
5708,romantic
5514,romantic
19561,romantic
5205,romantic
5641,romantic
6022,romantic
19554,romantic
5501,romantic
5362,romantic
5204,romantic
5686,romantic
5945,romantic
19307,romantic
5385,romantic
5628,romantic
5390,romantic
5859,romantic
19351,romantic
6018,romantic
19578,romantic
5915,romantic
5801,romantic
19551,romantic
5942,romantic
5353,romantic
6045,romantic
5421,romantic
5384,romantic
5359,romantic
5627,romantic
19325,romantic
5629,romantic
19462,romantic
5497,romantic
5862,romantic
19555,romantic
5917,romantic
5347,romantic
19577,romantic
19300,romantic
6050,romantic
19308,romantic
5540,romantic
5376,romantic
19335,romantic
6059,romantic
6066,romantic
19343,romantic
5218,romantic
19558,romantic
5530,romantic
19338,romantic
5684,romantic
6060,romantic
19564,romantic
6082,romantic
5429,romantic
5519,romantic
19580,romantic
5828,romantic
5791,romantic
19340,romantic
6041,romantic
6079,romantic
5823,romantic
5486,romantic
6004,romantic
19562,romantic
5696,romantic
5506,romantic
5422,romantic
5369,romantic
19302,romantic
19303,romantic
5340,romantic
6071,romantic
5425,romantic
5424,romantic
5642,romantic
5521,romantic
5632,romantic
5922,romantic
5496,romantic
6087,romantic
19449,romantic
6046,romantic
19324,romantic
5492,romantic
5637,romantic
6017,romantic
5944,romantic
19352,romantic
19348,romantic
5367,romantic
19350,romantic
5335,romantic
5516,romantic
5431,romantic
5508,romantic
19553,romantic
6010,romantic
6052,romantic
6005,romantic
6058,romantic
5507,romantic
5511,romantic
6020,romantic
5938,romantic
5901,romantic
6023,romantic
5416,romantic
5370,romantic
5488,romantic
6077,romantic
5909,romantic
19336,romantic
5391,romantic
5520,romantic
5619,romantic
19310,romantic
6039,romantic
5426,romantic
6012,romantic
19464,romantic
5824,romantic
5697,romantic
5537,romantic
5921,romantic
5638,romantic
6014,romantic
5532,romantic
5682,romantic
5867,romantic
5379,romantic
6038,romantic
5345,romantic
19466,romantic
19567,romantic
5268,romantic
19332,romantic
6011,romantic
5264,romantic
19461,romantic
19560,romantic
5414,romantic
5500,romantic
6085,romantic
5793,romantic
5805,romantic
19323,romantic
5269,romantic
6051,romantic
5531,romantic
5690,romantic
5203,romantic
5364,romantic
19566,romantic
6042,romantic
5685,romantic
5636,romantic
5798,romantic
5802,romantic
5493,romantic
5919,romantic
6057,romantic
5503,romantic
6072,romantic
5941,romantic
5338,romantic
5790,romantic
5937,romantic
5526,romantic
19317,romantic
6003,romantic
5702,romantic
19327,romantic
19333,romantic
5491,romantic
5804,romantic
5683,romantic
5344,romantic
6031,romantic
5894,romantic
19563,romantic
6047,romantic
19345,romantic
19347,romantic
5703,romantic
5366,romantic
5617,romantic
6069,romantic
19304,romantic
6062,romantic
19453,romantic
5615,romantic
5523,romantic
19315,romantic
5350,romantic
6006,romantic
5914,romantic
5869,romantic
5630,romantic
19301,romantic
19334,romantic
19337,romantic
5423,romantic
5266,romantic
5536,romantic
5700,romantic
19576,romantic
19330,romantic
5272,romantic
5803,romantic
5415,romantic
6067,romantic
19309,romantic
6032,romantic
5357,romantic
5365,romantic
5635,romantic
19460,romantic
5505,romantic
5343,romantic
5498,romantic
6083,romantic
19311,romantic
6027,romantic
5870,romantic
5898,romantic
5796,romantic
5206,romantic
5512,romantic
5217,romantic
5639,romantic
5209,romantic
5829,romantic
5513,romantic
19463,romantic
5271,romantic
6064,romantic
5863,romantic
5381,romantic
5698,romantic
5417,romantic
5378,romantic
5360,romantic
19344,romantic
19456,romantic
6028,romantic
5502,romantic
6055,romantic
19312,romantic
5692,romantic
5356,romantic
5529,romantic
6040,romantic
5910,romantic
5799,romantic
6068,romantic
5538,romantic
5216,romantic
19354,romantic
5389,romantic
19575,romantic
19306,romantic
6075,romantic
5903,romantic
5693,romantic
19565,romantic
5419,romantic
5412,romantic
19305,romantic
6036,romantic
19458,romantic
5375,romantic
5872,romantic
5489,romantic
5377,romantic
5633,romantic
19459,romantic
6021,romantic
5939,romantic
19572,romantic
5534,romantic
19570,romantic
5265,romantic
5916,romantic
5515,romantic
5341,romantic
5352,romantic
5373,romantic
5413,romantic
5527,romantic
5374,romantic
5211,romantic
5386,romantic
5372,romantic
6026,romantic
5908,romantic
5689,romantic
5826,romantic
5382,romantic
6013,romantic
5704,romantic
19457,romantic
6078,romantic
6054,romantic
19314,romantic
5428,romantic
5351,romantic
19557,romantic
5616,romantic
5219,romantic
6076,romantic
5701,romantic
5640,romantic
5210,romantic
5864,romantic
5907,romantic
5906,romantic
5920,romantic
6074,romantic
6015,romantic
5911,romantic
5861,romantic
5634,romantic
5533,romantic
5691,romantic
5831,romantic
5495,romantic
5430,romantic
5821,romantic
5528,romantic
19320,romantic
5705,romantic
6033,romantic
5899,romantic
5706,romantic
5896,romantic
6065,romantic
5866,romantic
5212,romantic
5868,romantic
5631,romantic
6007,romantic
5535,romantic
5349,romantic
6056,romantic
5263,romantic
6073,romantic
5624,romantic
19568,romantic
6030,romantic
5380,romantic
19319,romantic
5522,romantic
5900,romantic
19452,romantic
19455,romantic
5625,romantic
6088,romantic
5800,romantic
5912,romantic
19451,romantic
5202,romantic
5622,romantic
5427,romantic
19559,romantic
5695,romantic
19556,romantic
5694,romantic
19322,romantic
5392,romantic
5358,romantic
5614,romantic
19346,romantic
19313,romantic
5854,romantic
5273,romantic
19353,romantic
5913,romantic
19579,romantic
5830,romantic
5267,romantic
5524,romantic
17916,happy
19230,happy
17998,happy
19949,happy
19743,happy
19022,happy
19960,happy
17894,happy
19967,happy
18498,happy
18104,happy
19014,happy
19898,happy
18492,happy
19921,happy
19026,happy
19904,happy
18330,happy
19233,happy
19976,happy
19984,happy
20011,happy
18337,happy
19961,happy
19986,happy
18347,happy
19771,happy
20021,happy
18645,happy
18497,happy
18593,happy
18486,happy
17918,happy
17914,happy
17905,happy
17990,happy
17923,happy
19942,happy
19773,happy
18641,happy
19992,happy
18646,happy
18094,happy
18866,happy
18053,happy
18864,happy
18499,happy
18192,happy
18594,happy
17928,happy
18636,happy
19982,happy
20009,happy
19950,happy
19902,happy
17886,happy
20022,happy
18058,happy
18092,happy
19891,happy
18862,happy
19239,happy
18576,happy
19903,happy
18577,happy
17888,happy
17995,happy
18482,happy
19993,happy
18642,happy
19962,happy
19029,happy
18088,happy
19934,happy
19906,happy
19998,happy
19762,happy
19927,happy
19973,happy
19917,happy
19931,happy
19948,happy
17931,happy
18343,happy
19240,happy
18323,happy
17909,happy
19745,happy
19882,happy
18097,happy
17926,happy
18345,happy
19025,happy
18865,happy
20019,happy
19754,happy
18057,happy
18867,happy
19021,happy
17992,happy
17927,happy
18108,happy
18100,happy
19913,happy
19929,happy
18585,happy
19940,happy
18325,happy
18589,happy
19237,happy
19919,happy
19990,happy
17884,happy
19951,happy
18629,happy
19985,happy
18346,happy
18086,happy
17907,happy
19971,happy
18197,happy
19756,happy
19253,happy
18187,happy
19726,happy
19232,happy
17989,happy
19235,happy
18179,happy
19020,happy
19760,happy
18490,happy
18627,happy
19781,happy
19945,happy
17903,happy
18198,happy
19968,happy
18869,happy
19928,happy
17892,happy
18485,happy
18630,happy
17900,happy
19229,happy
19980,happy
19914,happy
19758,happy
18186,happy
19957,happy
18643,happy
19947,happy
19981,happy
19775,happy
18183,happy
20016,happy
19741,happy
19231,happy
17996,happy
19766,happy
19246,happy
18863,happy
19953,happy
17881,happy
18633,happy
17895,happy
18625,happy
18856,happy
19989,happy
18049,happy
19241,happy
18860,happy
18099,happy
18328,happy
19755,happy
17898,happy
18344,happy
19897,happy
18340,happy
19249,happy
18496,happy
18622,happy
19252,happy
20013,happy
18063,happy
18480,happy
19974,happy
17929,happy
19774,happy
19751,happy
19013,happy
19936,happy
19228,happy
18875,happy
19024,happy
17921,happy
18093,happy
18102,happy
18635,happy
18857,happy
17885,happy
19030,happy
18634,happy
18587,happy
19723,happy
18631,happy
18109,happy
18870,happy
20008,happy
18578,happy
20015,happy
17993,happy
19748,happy
18586,happy
18479,happy
17997,happy
18637,happy
18588,happy
19944,happy
18062,happy
19924,happy
19739,happy
18638,happy
20024,happy
19750,happy
17917,happy
20000,happy
18188,happy
19017,happy
18649,happy
19753,happy
17891,happy
17987,happy
19023,happy
18491,happy
18579,happy
19911,happy
18859,happy
20010,happy
18047,happy
18107,happy
18087,happy
19905,happy
19975,happy
19746,happy
18590,happy
19910,happy
18624,happy
18054,happy
19954,happy
18185,happy
18623,happy
18329,happy
18113,happy
18591,happy
18327,happy
19736,happy
18632,happy
19991,happy
19247,happy
18106,happy
18582,happy
17988,happy
19783,happy
18334,happy
18861,happy
18481,happy
19255,happy
19257,happy
17994,happy
18059,happy
19027,happy
17904,happy
18191,happy
17883,happy
17986,happy
19907,happy
19769,happy
19245,happy
19772,happy
18111,happy
19935,happy
19965,happy
19959,happy
18064,happy
19752,happy
19922,happy
18583,happy
18000,happy
19765,happy
18091,happy
19256,happy
18628,happy
18189,happy
19768,happy
19925,happy
17922,happy
19923,happy
19763,happy
18868,happy
19964,happy
17908,happy
18584,happy
19966,happy
18195,happy
19782,happy
19930,happy
20023,happy
18342,happy
17890,happy
19915,happy
18101,happy
18324,happy
18333,happy
19250,happy
19734,happy
19777,happy
18182,happy
19757,happy
19738,happy
19780,happy
18339,happy
19933,happy
18331,happy
19899,happy
19988,happy
19932,happy
18500,happy
19886,happy
18489,happy
19994,happy
19972,happy
19963,happy
18193,happy
18502,happy
19996,happy
18488,happy
19744,happy
17887,happy
19254,happy
17902,happy
19015,happy
17899,happy
19890,happy
19251,happy
19909,happy
19912,happy
19764,happy
18581,happy
18095,happy
18873,happy
18199,happy
18874,happy
18110,happy
18103,happy
18184,happy
19920,happy
18326,happy
19725,happy
19749,happy
17897,happy
18858,happy
17913,happy
19770,happy
19884,happy
19018,happy
18338,happy
19908,happy
19785,happy
18190,happy
18090,happy
19956,happy
19243,happy
18592,happy
19724,happy
19742,happy
19761,happy
19955,happy
18194,happy
19888,happy
19893,happy
18580,happy
20018,happy
19242,happy
19978,happy
18096,happy
19958,happy
18045,happy
19952,happy
18872,happy
19016,happy
17901,happy
18495,happy
19938,happy
19776,happy
19970,happy
17893,happy
19979,happy
18046,happy
20012,happy
17985,happy
19999,happy
19889,happy
19987,happy
18647,happy
18181,happy
18050,happy
19779,happy
17906,happy
18336,happy
19778,happy
20017,happy
18494,happy
20001,happy
19939,happy
19784,happy
18483,happy
18640,happy
19969,happy
18626,happy
19937,happy
20014,happy
18089,happy
19737,happy
18871,happy
17920,happy
18493,happy
18648,happy
17889,happy
18001,happy
19896,happy
19883,happy
19943,happy
19019,happy
20025,happy
18098,happy
18180,happy
18048,happy
19885,happy
17910,happy
19941,happy
18644,happy
19244,happy
18060,happy
18051,happy
19892,happy
19759,happy
19248,happy
20020,happy
19926,happy
19916,happy
19895,happy
18484,happy
18332,happy
19887,happy
19238,happy
19997,happy
18335,happy
17912,happy
19767,happy
18196,happy
17991,happy
18112,happy
19918,happy
19900,happy
19747,happy
18341,happy
19028,happy
17925,happy
17882,happy
19012,happy
18052,happy
18487,happy
17932,happy
18056,happy
19732,happy
19740,happy
19995,happy
19236,happy
18055,happy
17896,happy
18501,happy
19983,happy
18876,happy
17911,happy
18639,happy
17930,happy
17999,happy
19901,happy
17919,happy
19733,happy
17924,happy
19234,happy
18061,happy
19894,happy
19977,happy
19735,happy
17915,happy
19946,happy
18105,happy
